{
  "__version__": "1.0.0",
  "current-scene": "7aa3f257-ecfb-402a-912e-9e262a654104",
  "gizmos-infos": {
    "is2D": false,
    "is3DIcon": false,
    "iconSize": 2,
    "gridVisible": true,
    "gridColor": [
      150,
      150,
      150,
      255
    ],
    "isIconGizmo3D": false,
    "iconGizmoSize": 2,
    "isGridVisible": true
  },
  "camera-infos": {
    "f46876e4-e81b-4931-b493-6d367be385e7": {
      "position": {
        "x": 50,
        "y": 50,
        "z": 50
      },
      "rotation": {
        "x": -0.27984814233312133,
        "y": 0.3647051996310009,
        "z": 0.11591689595929514,
        "w": 0.8804762392171493
      },
      "viewCenter": {
        "x": 0,
        "y": 0,
        "z": 0
      }
    },
    "7aa3f257-ecfb-402a-912e-9e262a654104": {
      "position": {
        "x": 517.3047105013708,
        "y": 421.2598323793381,
        "z": 115.15697166457706
      },
      "rotation": {
        "x": -0.33712983149474596,
        "y": 0.14663209310479736,
        "z": 0.05324399996172613,
        "w": 0.9284436345067513
      },
      "viewCenter": {
        "x": 480,
        "y": 320,
        "z": 0
      }
    }
  },
  "camera-uuids": [
    "7aa3f257-ecfb-402a-912e-9e262a654104"
  ],
  "float-window": {
    "position": {
      "cc": {
        "Camera": {
          "dock": false,
          "top": null,
          "bottom": 10,
          "left": null,
          "right": 10
        }
      }
    }
  }
}
